<?xml version="1.0" encoding="UTF-8"?>
<project-private xmlns="http://www.netbeans.org/ns/project-private/1">
    <editor-bookmarks xmlns="http://www.netbeans.org/ns/editor-bookmarks/2" lastBookmarkId="0"/>
    <open-files xmlns="http://www.netbeans.org/ns/projectui-open-files/2">
        <group>
            <file>file:/E:/Tarea%20CODIGO%20LIMPIO/Kenken/src/kenken/Inicio.java</file>
            <file>file:/E:/Tarea%20CODIGO%20LIMPIO/Kenken/src/kenken/Kenken.java</file>
            <file>file:/E:/Tarea%20CODIGO%20LIMPIO/Kenken/src/kenken/Configurar.java</file>
            <file>file:/E:/Tarea%20CODIGO%20LIMPIO/Kenken/src/kenken/Configuracion.java</file>
        </group>
    </open-files>
</project-private>
